{"palette_name": "Flat Colours","palette_info": "For Design","palette_colors": [{"sort_order": 0,"description": "Flat Powder Blue (Light)","red": 170,"green": 186,"blue": 241,"alpha": 1.0},{"sort_order": 1,"description": "Flat Powder Blue (Dark)","red": 136,"green": 152,"blue": 207,"alpha": 1.0},{"sort_order": 2,"description": "Flat Sky Blue (Light)","red": 49,"green": 129,"blue": 217,"alpha": 1.0},{"sort_order": 3,"description": "Flat Sky Blue (Dark)","red": 39,"green": 105,"blue": 176,"alpha": 1.0},{"sort_order": 4,"description": "Flat Blue (Light)","red": 63,"green": 77,"blue": 148,"alpha": 1.0},{"sort_order": 5,"description": "Flat Blue Dark","red": 44,"green": 55,"blue": 113,"alpha": 1.0},{"sort_order": 6,"description": "Flat Purple (Light)","red": 94,"green": 65,"blue": 192,"alpha": 1.0},{"sort_order": 7,"description": "Flat Purple (Dark)","red": 70,"green": 47,"blue": 151,"alpha": 1.0},{"sort_order": 8,"description": "Flat Magenta Light","red": 132,"green": 61,"blue": 174,"alpha": 1.0},{"sort_order": 9,"description": "Flat Magenta (Dark)","red": 118,"green": 39,"blue": 164,"alpha": 1.0},{"sort_order": 10,"description": "Flat Pink (Light)","red": 233,"green": 96,"blue": 187,"alpha": 1.0},{"sort_order": 11,"description": "Flat Pink (Dark)","red": 195,"green": 65,"blue": 144,"alpha": 1.0},{"sort_order": 12,"description": "Flat Watermelon (Light)","red": 227,"green": 90,"blue": 101,"alpha": 1.0},{"sort_order": 13,"description": "Flat Watermelon (Dark)","red": 200,"green": 62,"blue": 69,"alpha": 1.0},{"sort_order": 14,"description": "Flat Red (Light)","red": 216,"green": 55,"blue": 40,"alpha": 1.0},{"sort_order": 15,"description": "Flat Red (Dark)","red": 172,"green": 40,"blue": 27,"alpha": 1.0},{"sort_order": 16,"description": "Flat Orange (Light)","red": 217,"green": 107,"blue": 0,"alpha": 1.0},{"sort_order": 17,"description": "Flat Orange (Dark)","red": 194,"green": 65,"blue": 0,"alpha": 1.0},{"sort_order": 18,"description": "Flat Yellow (Light)","red": 251,"green": 198,"blue": 0,"alpha": 1.0},{"sort_order": 19,"description": "Flat Yellow (Dark)","red": 249,"green": 154,"blue": 0,"alpha": 1.0},{"sort_order": 20,"description": "Flat Lime (Light)","red": 151,"green": 191,"blue": 0,"alpha": 1.0},{"sort_order": 21,"description": "Flat Lime (Dark)","red": 126,"green": 165,"blue": 0,"alpha": 1.0},{"sort_order": 22,"description": "Flat Green (Light)","red": 58,"green": 198,"blue": 80,"alpha": 1.0},{"sort_order": 23,"description": "Flat Green (Dark)","red": 48,"green": 162,"blue": 66,"alpha": 1.0},{"sort_order": 24,"description": "Flat Mint (Light)","red": 46,"green": 177,"blue": 135,"alpha": 1.0},{"sort_order": 25,"description": "Flat Mint (Dark)","red": 38,"green": 145,"blue": 111,"alpha": 1.0},{"sort_order": 26,"description": "Flat Teal (Light)","red": 48,"green": 91,"blue": 111,"alpha": 1.0},{"sort_order": 27,"description": "Flat Teal (Dark)","red": 43,"green": 78,"blue": 96,"alpha": 1.0},{"sort_order": 28,"description": "Flat Navy Blue (Light)","red": 40,"green": 55,"blue": 77,"alpha": 1.0},{"sort_order": 29,"description": "Flat Navy Blue (Dark)","red": 34,"green": 46,"blue": 64,"alpha": 1.0},{"sort_order": 30,"description": "Flat Black (Light)","red": 32,"green": 32,"blue": 32,"alpha": 1.0},{"sort_order": 31,"description": "Flat Black (Dark)","red": 28,"green": 28,"blue": 28,"alpha": 1.0},{"sort_order": 32,"description": "Flat Brown (Light)","red": 74,"green": 53,"blue": 37,"alpha": 1.0},{"sort_order": 33,"description": "Flat Brown (Dark)","red": 61,"green": 45,"blue": 31,"alpha": 1.0},{"sort_order": 34,"description": "Flat Coffee (Light)","red": 143,"green": 115,"blue": 91,"alpha": 1.0},{"sort_order": 35,"description": "Flat Coffee (Dark)","red": 121,"green": 95,"blue": 73,"alpha": 1.0},{"sort_order": 36,"description": "Flat Sand (Light)","red": 234,"green": 216,"blue": 159,"alpha": 1.0},{"sort_order": 37,"description": "Flat Sand (Dark)","red": 202,"green": 183,"blue": 124,"alpha": 1.0},{"sort_order": 38,"description": "Flat White (Light)","red": 231,"green": 236,"blue": 237,"alpha": 1.0},{"sort_order": 39,"description": "Flat White (Dark)","red": 175,"green": 181,"blue": 187,"alpha": 1.0},{"sort_order": 40,"description": "Flat Gray (Light)","red": 132,"green": 148,"blue": 149,"alpha": 1.0},{"sort_order": 41,"description": "Flat Gray (Dark)","red": 108,"green": 121,"blue": 122,"alpha": 1.0},{"sort_order": 42,"description": "Flat Maroon (Light)","red": 98,"green": 34,"blue": 29,"alpha": 1.0},{"sort_order": 43,"description": "Flat Maroon (Dark)","red": 80,"green": 27,"blue": 23,"alpha": 1.0},{"sort_order": 44,"description": "Flat Forest Green (Light)","red": 42,"green": 78,"blue": 46,"alpha": 1.0},{"sort_order": 45,"description": "Flat Forest Green (Dark)","red": 36,"green": 64,"blue": 38,"alpha": 1.0},{"sort_order": 46,"description": "Flat Plum (Light)","red": 73,"green": 35,"blue": 78,"alpha": 1.0},{"sort_order": 47,"description": "Flat Plum (Dark)","red": 60,"green": 29,"blue": 64,"alpha": 1.0}]}
